subject	label	region	voxel_count	volume_mm3	is_reference_label	raw_pet_mean	raw_suvr_mean	gm50_voxel_count	pvc_psf4_mean	suvr_psf4_mean	pvc_psf5_mean	suvr_psf5_mean	pvc_psf6_mean	suvr_psf6_mean	pvc_psf8_mean	suvr_psf8_mean	primary_gray_roi	flag_low_gm_support	flag_negative_nominal_mean	flag_nonfinite_nominal_mean
sub-01	10	lh-Thalamus-Proper	349	7661.247608589177	0	18102.98828125	0.991602063179016	150	21118.1875	1.0897650718688965	21552.583984375	1.0962923765182495	22006.59375	1.1016007661819458	23021.599609375	1.1117461919784546	1	0	0	0
sub-01	11	lh-Caudate	168	3687.935811584475	0	15061.7080078125	0.8250139951705933	123	16376.5390625	0.8450809121131897	16422.171875	0.8353292942047119	16521.3828125	0.8270232081413269	16887.462890625	0.8155197501182556	1	0	0	0
sub-01	12	lh-Putamen	277	6080.703689338688	0	20611.173828125	1.128989577293396	183	25162.86328125	1.29848313331604	25631.31640625	1.3037612438201904	26064.78125	1.3047443628311155	26822.876953125	1.295315146446228	1	0	0	0
sub-01	13	lh-Pallidum	80	1756.1599102783214	0	13933.197265625	0.7631993293762207	1	19567.625	1.0097510814666748	19669.791015625	1.000522494316101	19734.173828125	0.9878484010696412	19775.091796875	0.9549675583839417	1	1	0	0
sub-01	17	lh-Hippocampus	204	4478.20777120972	0	14116.04296875	0.7732147574424744	161	14580.2939453125	0.7523890733718872	14624.392578125	0.743883490562439	14685.5439453125	0.7351253628730774	14839.705078125	0.7166306972503662	1	0	0	0
sub-01	18	lh-Amygdala	73	1602.4959181289682	0	13452.9775390625	0.7368950247764587	67	13560.984375	0.6997894644737244	13577.908203125	0.6906530857086182	13601.2587890625	0.6808484196662903	13664.1904296875	0.659863293170929	1	0	0	0
sub-01	26	lh-Accumbens-area	30	658.5599663543705	0	17961.6640625	0.9838610291481018	26	19589.74609375	1.010892629623413	19821.7578125	1.0082523822784424	20072.234375	1.0047709941864014	20613.83203125	0.9954715967178344	1	0	0	0
sub-01	28	lh-VentralDC	191	4192.831785789493	0	13715.30078125	0.7512639760971069	32	13931.138671875	0.7188906073570251	13921.1708984375	0.7081134915351868	13912.673828125	0.6964371800422668	13950.4765625	0.673688530921936	1	0	0	0
sub-01	49	rh-Thalamus-Proper	356	7814.91160073853	0	17775.72265625	0.9736760258674622	164	20442.783203125	1.0549120903015137	20810.103515625	1.0585254430770874	21225.9765625	1.062524676322937	22198.716796875	1.0720078945159912	1	0	0	0
sub-01	50	rh-Caudate	174	3819.647804855349	0	16055.744140625	0.8794631361961365	119	19060.361328125	0.983574628829956	19397.814453125	0.986688196659088	19797.771484375	0.9910318851470948	20757.49609375	1.0024093389511108	1	0	0	0
sub-01	51	rh-Putamen	233	5114.815738685611	0	21489.6015625	1.1771057844161987	141	27266.328125	1.4070284366607666	27839.56640625	1.4160858392715454	28365.439453125	1.419909954071045	29282.265625	1.414082646369934	1	0	0	0
sub-01	52	rh-Pallidum	72	1580.5439192504891	0	16206.6875	0.8877310156822205	2	39932.10546875	2.060622215270996	41233.16015625	2.0973634719848637	42194.2265625	2.1121482849121094	43620.8125	2.1065115928649902	1	1	0	0
sub-01	53	rh-Hippocampus	219	4807.487754386905	0	14542.2607421875	0.7965611815452576	194	14984.087890625	0.7732260823249817	15055.0029296875	0.76578688621521	15132.6826171875	0.7575080990791321	15301.52734375	0.7389327883720398	1	0	0	0
sub-01	54	rh-Amygdala	66	1448.831925979615	0	13810.212890625	0.7564627528190613	64	13943.2978515625	0.7195180654525757	13966.033203125	0.7103954553604126	13997.90234375	0.700703501701355	14085.767578125	0.6802219152450562	1	0	0	0
sub-01	58	rh-Accumbens-area	28	614.6559685974125	0	19510.837890625	1.0687178373336792	26	21322.40234375	1.1003031730651855	21626.5625	1.1000555753707886	21940.498046875	1.098292112350464	22590.1796875	1.090912103652954	1	0	0	0
sub-01	60	rh-VentralDC	210	4609.919764480594	0	13546.857421875	0.7420373558998108	36	13734.71875	0.7087547183036804	13717.4697265625	0.6977521777153015	13687.091796875	0.6851450800895691	13618.5419921875	0.6576588749885559	1	0	0	0
sub-01	1001	ctx-lh-bankssts	121	2656.1918642959613	0	19940.8984375	1.092274785041809	92	23025.15234375	1.1881701946258545	23426.6171875	1.1916168928146362	23848.439453125	1.193799376487732	24737.47265625	1.1946083307266235	1	0	0	0
sub-01	1002	ctx-lh-caudalanteriorcingulate	70	1536.6399214935311	0	17920.166015625	0.9815880656242372	63	19809.990234375	1.022257924079895	20075.81640625	1.0211750268936155	20339.57421875	1.0181533098220823	20871.626953125	1.0079208612442017	1	0	0	0
sub-01	1003	ctx-lh-caudalmiddlefrontal	263	5773.375705039982	0	22811.87109375	1.249534010887146	159	30774.51171875	1.5880615711212158	31894.830078125	1.6223609447479248	33040.66015625	1.65394127368927	35424.95703125	1.7107219696044922	1	0	0	0
sub-01	1005	ctx-lh-cuneus	86	1887.8719035491956	0	22174.162109375	1.214603304862976	59	28076.763671875	1.448849320411682	28599.865234375	1.454759120941162	29024.50390625	1.4529013633728027	29718.685546875	1.435158133506775	1	0	0	0
sub-01	1006	ctx-lh-entorhinal	54	1185.4079394378668	0	13917.5458984375	0.7623417973518372	42	13725.7412109375	0.7082913517951965	13779.7294921875	0.7009188532829285	13873.060546875	0.6944543123245239	14178.6455078125	0.6847071647644043	1	0	0	0
sub-01	1007	ctx-lh-fusiform	358	7858.815598495488	0	18585.267578125	1.0180193185806274	301	20353.375	1.0502982139587402	20631.6171875	1.049446702003479	20922.685546875	1.0473426580429075	21543.494140625	1.040366291999817	1	0	0	0
sub-01	1008	ctx-lh-inferiorparietal	453	9944.255491950997	0	18856.00390625	1.0328490734100342	301	24690.068359375	1.274085283279419	25632.40234375	1.3038161993026731	26584.24609375	1.3307477235794067	28514.849609375	1.3770233392715454	1	0	0	0
sub-01	1009	ctx-lh-inferiortemporal	517	11349.183420173653	0	20168.015625	1.1047152280807495	417	24013.51171875	1.2391729354858398	24854.265625	1.2642357349395752	25766.876953125	1.2898317575454712	27729.83203125	1.3391133546829224	1	0	0	0
sub-01	1010	ctx-lh-isthmuscingulate	95	2085.4398934555065	0	21214.24609375	1.1620231866836548	78	24539.505859375	1.2663156986236572	24998.732421875	1.2715842723846436	25437.828125	1.2733603715896606	26256.365234375	1.2679576873779297	1	0	0	0
sub-01	1011	ctx-lh-lateraloccipital	413	9066.175536811834	0	19005.513671875	1.0410385131835938	284	25590.59765625	1.320555567741394	26856.787109375	1.366095781326294	28085.908203125	1.405917406082153	30424.416015625	1.469238519668579	1	0	0	0
sub-01	1012	ctx-lh-lateralorbitofrontal	299	6563.647664665226	0	20956.845703125	1.1479239463806152	251	25313.876953125	1.3062758445739746	26213.48828125	1.333373785018921	27141.5546875	1.35864520072937	29048.732421875	1.4028048515319824	1	0	0	0
sub-01	1013	ctx-lh-lingual	161	3534.271819435122	0	21406.080078125	1.172531008720398	127	24689.078125	1.2740345001220703	25024.642578125	1.2729017734527588	25292.197265625	1.2660706043243408	25697.533203125	1.2409709692001345	1	0	0	0
sub-01	1014	ctx-lh-medialorbitofrontal	179	3929.407799247744	0	23446.408203125	1.28429114818573	132	28772.029296875	1.484727382659912	29535.40234375	1.502346158027649	30238.666015625	1.5136797428131104	31557.083984375	1.5239368677139282	1	0	0	0
sub-01	1015	ctx-lh-middletemporal	414	9088.127535690312	0	19279.205078125	1.0560301542282104	308	23704.943359375	1.2232497930526731	24590.138671875	1.250800609588623	25513.43359375	1.2771451473236084	27420.6953125	1.3241846561431885	1	0	0	0
sub-01	1016	ctx-lh-parahippocampal	66	1448.831925979615	0	15656.78515625	0.8576098084449768	43	16706.498046875	0.8621079325675964	16788.853515625	0.8539810180664062	16876.9453125	0.8448219299316406	17092.748046875	0.8254334330558777	1	0	0	0
sub-01	1017	ctx-lh-paracentral	126	2765.951858688356	0	19410.3984375	1.0632163286209106	94	23150.1171875	1.194619059562683	23648.451171875	1.202900767326355	24095.615234375	1.2061723470687866	24920.626953125	1.203452706336975	1	0	0	0
sub-01	1018	ctx-lh-parsopercularis	246	5400.191724105838	0	21541.869140625	1.1799688339233398	153	27719.39453125	1.4304081201553345	28558.1640625	1.4526379108428955	29414.392578125	1.4724183082580566	31175.107421875	1.5054906606674194	1	0	0	0
sub-01	1019	ctx-lh-parsorbitalis	101	2217.151886726381	0	21907.77734375	1.2000117301940918	82	27599.0390625	1.424197554588318	28836.146484375	1.4667776823043823	30210.662109375	1.5122778415679932	33281.4921875	1.6072108745574951	1	0	0	0
sub-01	1020	ctx-lh-parstriangularis	137	3007.4238463516253	0	22289.3203125	1.220910906791687	102	28550.453125	1.4732931852340698	29713.2109375	1.5113905668258667	30907.84375	1.5471771955490112	33353.3046875	1.610679030418396	1	0	0	0
sub-01	1021	ctx-lh-pericalcarine	60	1317.119932708741	0	25100.10546875	1.374873399734497	42	30560.990234375	1.5770434141159058	31190.25390625	1.5865217447280884	31774.0625	1.5905382633209229	32907.40234375	1.5891456604003906	1	0	0	0
sub-01	1022	ctx-lh-postcentral	346	7595.39161195374	0	18997.302734375	1.040588617324829	219	24150.4453125	1.2462389469146729	24976.744140625	1.270465612411499	25804.58984375	1.2917197942733765	27496.279296875	1.3278348445892334	1	0	0	0
sub-01	1023	ctx-lh-posteriorcingulate	119	2612.287866539003	0	18428.380859375	1.0094255208969116	85	21306.94921875	1.0995056629180908	21575.546875	1.0974605083465576	21825.455078125	1.0925331115722656	22316.330078125	1.0776876211166382	1	0	0	0
sub-01	1024	ctx-lh-precentral	482	10580.863459426886	0	21056.69921875	1.1533935070037842	351	26434.8828125	1.3641232252120972	27372.775390625	1.3923419713974	28317.62890625	1.417516827583313	30215.41796875	1.4591459035873413	1	0	0	0
sub-01	1025	ctx-lh-precuneus	322	7068.543638870244	0	21925.74609375	1.200995922088623	262	25645.123046875	1.3233691453933716	26087.328125	1.3269567489624023	26470.625	1.32506000995636	27147.3359375	1.3109837770462036	1	0	0	0
sub-01	1026	ctx-lh-rostralanteriorcingulate	82	1800.0639080352794	0	20038.263671875	1.0976080894470217	72	22056.33984375	1.138176441192627	22290.107421875	1.1338073015213013	22513.4296875	1.1269716024398804	22948.853515625	1.1082329750061035	1	0	0	0
sub-01	1027	ctx-lh-rostralmiddlefrontal	656	14400.511264282237	0	23561.408203125	1.2905904054641724	432	32263.107421875	1.6648778915405271	33708.26953125	1.7146029472351074	35201.1015625	1.7620880603790283	38280.76953125	1.8486335277557373	1	0	0	0
sub-01	1028	ctx-lh-superiorfrontal	908	19932.41498165895	0	22492.884765625	1.2320613861083984	684	27670.435546875	1.4278815984725952	28556.658203125	1.452561378479004	29444.462890625	1.4739235639572144	31226.36328125	1.507965922355652	1	0	0	0
sub-01	1029	ctx-lh-superiorparietal	430	9439.359517745976	0	19916.98046875	1.0909647941589355	256	25609.578125	1.3215348720550537	26490.08203125	1.3474431037902832	27403.318359375	1.371748447418213	29301.091796875	1.414991855621338	1	0	0	0
sub-01	1030	ctx-lh-superiortemporal	469	10295.48747400666	0	17744.943359375	0.971989929676056	345	21113.328125	1.0895142555236816	21678.861328125	1.1027157306671145	22241.314453125	1.11335027217865	23353.064453125	1.1277529001235962	1	0	0	0
sub-01	1031	ctx-lh-supramarginal	419	9197.887530082708	0	20348.34375	1.1145929098129272	284	25731.451171875	1.3278238773345947	26626.451171875	1.3543795347213743	27546.669921875	1.3789243698120115	29462.939453125	1.422807693481445	1	0	0	0
sub-01	1032	ctx-lh-frontalpole	29	636.6079674758915	0	21405.251953125	1.172485589981079	17	30370.203125	1.5671981573104858	32373.63671875	1.646715521812439	34548.19921875	1.729405164718628	39252.55859375	1.8955622911453247	1	1	0	0
sub-01	1033	ctx-lh-temporalpole	73	1602.4959181289682	0	11490.66796875	0.6294082999229431	51	11531.29296875	0.5950510501861572	11665.494140625	0.5933762788772583	11925.7607421875	0.5969767570495605	12815.5576171875	0.6188817024230957	1	0	0	0
sub-01	1034	ctx-lh-transversetemporal	51	1119.55194280243	0	20333.291015625	1.113768219947815	36	23109.2265625	1.1925090551376345	23475.880859375	1.1941227912902832	23805.4765625	1.1916488409042358	24416.765625	1.179120659828186	1	0	0	0
sub-01	1035	ctx-lh-insula	252	5531.903717376712	0	18331.208984375	1.0041029453277588	227	19929.55078125	1.0284277200698853	20142.966796875	1.0245909690856934	20365.96484375	1.0194745063781738	20832.697265625	1.0060408115386963	1	0	0	0
sub-01	2001	ctx-rh-bankssts	91	1997.6318979415903	0	19371.8203125	1.061103105545044	67	22689.744140625	1.170862317085266	23023.99609375	1.1711372137069702	23353.13671875	1.1690056324005127	24027.62109375	1.160328030586243	1	0	0	0
sub-01	2002	ctx-rh-caudalanteriorcingulate	108	2370.8158788757337	0	17833.62890625	0.976847767829895	93	19177.576171875	0.9896233081817628	19307.42578125	0.9820903539657592	19449.609375	0.9736038446426392	19779.58984375	0.9551846981048584	1	0	0	0
sub-01	2003	ctx-rh-caudalmiddlefrontal	232	5092.863739807132	0	21302.326171875	1.1668477058410645	126	28820.4609375	1.4872267246246338	29892.44921875	1.5205076932907104	30978.82421875	1.5507299900054932	33206.6484375	1.6035969257354736	1	0	0	0
sub-01	2005	ctx-rh-cuneus	83	1822.0159069137585	0	23255.9765625	1.2738600969314575	65	26828.728515625	1.3844468593597412	27124.7109375	1.3797240257263184	27380.185546875	1.3705904483795166	27885.8671875	1.3466484546661377	1	0	0	0
sub-01	2006	ctx-rh-entorhinal	62	1361.023930465699	0	14686.470703125	0.8044602274894714	49	15136.484375	0.781090259552002	15270.3447265625	0.7767404913902283	15455.345703125	0.7736599445343018	15965.1884765625	0.7709819078445435	1	0	0	0
sub-01	2007	ctx-rh-fusiform	387	8495.42356597138	0	18614.658203125	1.0196292400360107	326	20639.41015625	1.0650585889816284	20986.087890625	1.0674772262573242	21363.05859375	1.0693867206573486	22187.5859375	1.0714702606201172	1	0	0	0
sub-01	2008	ctx-rh-inferiorparietal	576	12644.351354003911	0	20702.228515625	1.1339770555496216	378	26958.3671875	1.391136646270752	27998.595703125	1.4241749048233032	29023.751953125	1.452863693237305	31073.095703125	1.500564455986023	1	0	0	0
sub-01	2009	ctx-rh-inferiortemporal	405	8890.559545784003	0	20774.775390625	1.137950778007507	341	24825.439453125	1.2810708284378052	25690.767578125	1.3067851066589355	26632.314453125	1.3331538438796997	28684.0	1.385191559791565	1	0	0	0
sub-01	2010	ctx-rh-isthmuscingulate	99	2173.2478889694225	0	21532.87109375	1.179476022720337	79	25316.97265625	1.3064355850219729	25871.109375	1.3159583806991575	26388.1796875	1.3209327459335327	27333.26171875	1.3199622631072998	1	0	0	0
sub-01	2011	ctx-rh-lateraloccipital	395	8671.039556999212	0	20925.40234375	1.146201729774475	321	28057.265625	1.4478434324264526	29411.04296875	1.4960203170776367	30714.685546875	1.5375081300735474	33216.69921875	1.6040822267532349	1	0	0	0
sub-01	2012	ctx-rh-lateralorbitofrontal	276	6058.751690460209	0	22293.728515625	1.2211525440216064	235	27147.037109375	1.4008725881576538	28128.650390625	1.4307903051376345	29159.990234375	1.459683537483215	31325.306640625	1.5127440690994265	1	0	0	0
sub-01	2013	ctx-rh-lingual	196	4302.591780181888	0	20733.06640625	1.1356662511825562	160	23653.89453125	1.2206153869628906	23986.16015625	1.220078706741333	24260.42578125	1.214422345161438	24680.126953125	1.1918387413024902	1	0	0	0
sub-01	2014	ctx-rh-medialorbitofrontal	186	4083.071791397097	0	21794.814453125	1.193824052810669	151	25699.099609375	1.326154351234436	26298.95703125	1.3377212285995483	26850.470703125	1.3440741300582886	27895.357421875	1.34710693359375	1	0	0	0
sub-01	2015	ctx-rh-middletemporal	440	9658.879506530768	0	21034.375	1.1521705389022827	350	25610.328125	1.3215736150741575	26578.40234375	1.351935625076294	27597.462890625	1.3814669847488403	29724.189453125	1.4354236125946045	1	0	0	0
sub-01	2016	ctx-rh-parahippocampal	64	1404.927928222657	0	15730.9423828125	0.8616719245910645	50	16361.583984375	0.8443092107772827	16440.09375	0.836240828037262	16535.8359375	0.8277467489242554	16771.13671875	0.8099021911621094	1	0	0	0
sub-01	2017	ctx-rh-paracentral	130	2853.7598542022724	0	18886.873046875	1.0345399379730225	82	22675.412109375	1.1701226234436035	23085.333984375	1.1742572784423828	23446.783203125	1.1736931800842283	24111.572265625	1.1643823385238647	1	0	0	0
sub-01	2018	ctx-rh-parsopercularis	168	3687.935811584475	0	23955.322265625	1.3121671676635742	140	28269.4609375	1.4587931632995603	29057.46875	1.4780354499816897	29855.55078125	1.4945018291473389	31411.193359375	1.5168917179107666	1	0	0	0
sub-01	2019	ctx-rh-parsorbitalis	122	2678.14386317444	0	22957.310546875	1.2575005292892456	91	28591.724609375	1.475422739982605	30025.642578125	1.5272828340530396	31573.349609375	1.5804909467697144	34909.50390625	1.6858302354812622	1	0	0	0
sub-01	2020	ctx-rh-parstriangularis	165	3622.079814949038	0	22835.228515625	1.2508134841918943	124	28702.251953125	1.4811265468597412	29765.216796875	1.514035701751709	30879.671875	1.5457671880722046	33226.5	1.6045554876327517	1	0	0	0
sub-01	2021	ctx-rh-pericalcarine	51	1119.55194280243	0	23583.81640625	1.2918176651000977	37	28492.97265625	1.4703271389007568	29127.986328125	1.4816224575042725	29774.90625	1.4904648065567017	31065.05078125	1.5001758337020874	1	0	0	0
sub-01	2022	ctx-rh-postcentral	285	6256.31968036652	0	18398.736328125	1.0078017711639404	179	23373.955078125	1.206169605255127	24223.642578125	1.2321584224700928	25064.140625	1.2546544075012207	26755.310546875	1.2920522689819336	1	0	0	0
sub-01	2023	ctx-rh-posteriorcingulate	129	2831.8078553237933	0	18694.69921875	1.0240134000778198	96	22312.349609375	1.1513875722885132	22718.078125	1.155576229095459	23126.962890625	1.1576838493347168	23936.234375	1.1559150218963623	1	0	0	0
sub-01	2024	ctx-rh-precentral	448	9834.4954975586	0	19269.951171875	1.055523157119751	305	24312.591796875	1.2546062469482422	25117.7578125	1.2776384353637695	25950.376953125	1.2990174293518066	27685.744140625	1.336984395980835	1	0	0	0
sub-01	2025	ctx-rh-precuneus	399	8758.847552513127	0	22286.21484375	1.2207409143447876	313	26305.041015625	1.357422947883606	26790.638671875	1.3627310991287231	27225.36328125	1.3628405332565308	28000.85546875	1.3522014617919922	1	0	0	0
sub-01	2026	ctx-rh-rostralanteriorcingulate	81	1778.1119091568005	0	19200.19140625	1.0517020225524902	71	21103.892578125	1.089026927947998	21287.193359375	1.0827932357788086	21475.046875	1.0749924182891846	21895.921875	1.0573855638504028	1	0	0	0
sub-01	2027	ctx-rh-rostralmiddlefrontal	693	15212.73522278596	0	24281.263671875	1.330020785331726	473	32364.9375	1.670132756233215	33664.47265625	1.7123750448226929	35033.17578125	1.7536821365356443	37925.25	1.8314646482467647	1	0	0	0
sub-01	2028	ctx-rh-superiorfrontal	901	19778.750989509597	0	21478.97265625	1.1765236854553225	601	27389.07421875	1.4133626222610474	28259.857421875	1.4374642372131348	29131.873046875	1.4582761526107788	30912.822265625	1.4928244352340698	1	0	0	0
sub-01	2029	ctx-rh-superiorparietal	499	10954.04744036103	0	18834.91796875	1.0316940546035769	310	23801.533203125	1.228234052658081	24647.92578125	1.2537400722503662	25523.9453125	1.2776713371276855	27357.810546875	1.3211480379104614	1	0	0	0
sub-01	2030	ctx-rh-superiortemporal	438	9614.97550877381	0	18882.775390625	1.0343154668807983	319	22596.47265625	1.166049242019653	23243.7734375	1.182316541671753	23866.57421875	1.194706916809082	25058.2421875	1.2100985050201416	1	0	0	0
sub-01	2031	ctx-rh-supramarginal	354	7771.007602981572	0	20234.375	1.108350157737732	236	25115.08984375	1.2960176467895508	26022.216796875	1.3236446380615234	26953.08984375	1.3492110967636108	28876.234375	1.3944748640060425	1	0	0	0
sub-01	2032	ctx-rh-frontalpole	41	900.0319540176397	0	22962.302734375	1.257773995399475	24	34027.83984375	1.7559436559677124	35995.05078125	1.830922245979309	38133.16796875	1.908860683441162	42739.6640625	2.0639593601226807	1	0	0	0
sub-01	2033	ctx-rh-temporalpole	69	1514.6879226150522	0	13261.5087890625	0.7264072299003601	42	14893.78125	0.7685660123825073	15268.6337890625	0.7766534686088562	15746.1787109375	0.7882183790206909	16969.12109375	0.8194631934165955	1	0	0	0
sub-01	2034	ctx-rh-transversetemporal	33	724.4159629898076	0	22073.830078125	1.2091073989868164	25	26342.953125	1.3593792915344238	26758.744140625	1.361108660697937	27093.341796875	1.3562320470809937	27663.51171875	1.3359107971191406	1	0	0	0
sub-01	2035	ctx-rh-insula	246	5400.191724105838	0	20219.91796875	1.107558250427246	227	21958.669921875	1.133136510848999	22250.81640625	1.1318087577819824	22555.9609375	1.129100680351257	23184.5234375	1.1196140050888062	1	0	0	0
