subject	label	region	gm50_voxel_count	suvr_cv_percent	pvc_psf4_mean	pvc_psf5_mean	pvc_psf6_mean	pvc_psf8_mean	pvc_activity_cv_percent	low_gm_support_lt20	robust_primary_gm20	normalization_cv_difference_pp
sub-01	10	lh-Thalamus-Proper	150	0.7315458819940491	21118.1875	21552.583984375	22006.59375	23021.599609375	3.224209466706813	0	1	-2.492663584712764
sub-01	11	lh-Caudate	123	1.3078741919295238	16376.5390625	16422.171875	16521.3828125	16887.462890625	1.2125227033578103	0	1	0.0953514885717135
sub-01	12	lh-Putamen	183	0.2967400308004665	25162.86328125	25631.31640625	26064.78125	26822.876953125	2.3567833089879735	0	1	-2.060043278187507
sub-01	13	lh-Pallidum	1	2.0987339347835485	19567.625	19669.791015625	19734.173828125	19775.091796875	0.3977965617919671	1	0	1.7009373729915813
sub-01	17	lh-Hippocampus	161	1.798296105885096	14580.2939453125	14624.392578125	14685.5439453125	14839.705078125	0.6685838963071494	0	1	1.1297122095779466
sub-01	18	lh-Amygdala	67	2.1725900313770907	13560.984375	13577.908203125	13601.2587890625	13664.1904296875	0.2877662446382439	0	1	1.8848237867388469
sub-01	26	lh-Accumbens-area	26	0.580389766693228	19589.74609375	19821.7578125	20072.234375	20613.83203125	1.9011421749374762	0	1	-1.3207524082442483
sub-01	28	lh-VentralDC	32	2.398897061372746	13931.138671875	13921.1708984375	13912.673828125	13950.4765625	0.10112308410022555	0	1	2.29777397727252
sub-01	49	rh-Thalamus-Proper	164	0.6006217696970522	20442.783203125	20810.103515625	21225.9765625	22198.716796875	3.0973869743539804	0	1	-2.496765204656928
sub-01	50	rh-Caudate	119	0.7204701678872782	19060.361328125	19397.814453125	19797.771484375	20757.49609375	3.218647906272193	0	1	-2.498177738384915
sub-01	51	rh-Putamen	141	0.3308581504502477	27266.328125	27839.56640625	28365.439453125	29282.265625	2.6308121313611355	0	1	-2.299953980910888
sub-01	52	rh-Pallidum	2	0.9583687061409014	39932.10546875	41233.16015625	42194.2265625	43620.8125	3.229262758321321	1	0	-2.2708940521804197
sub-01	53	rh-Hippocampus	194	1.684063681036595	14984.087890625	15055.0029296875	15132.6826171875	15301.52734375	0.7812277923688349	0	1	0.9028358886677601
sub-01	54	rh-Amygdala	64	2.076059321114108	13943.2978515625	13966.033203125	13997.90234375	14085.767578125	0.38663971954115	0	1	1.6894196015729581
sub-01	58	rh-Accumbens-area	26	0.3480960944727942	21322.40234375	21626.5625	21940.498046875	22590.1796875	2.148042043279847	0	1	-1.7999459488070528
sub-01	60	rh-VentralDC	36	2.772729792828747	13734.71875	13717.4697265625	13687.091796875	13618.5419921875	0.3239757124033851	0	1	2.448754080425362
sub-01	1001	ctx-lh-bankssts	92	0.2090753534991508	23025.15234375	23426.6171875	23848.439453125	24737.47265625	2.6738816436262915	0	1	-2.464806290127141
sub-01	1002	ctx-lh-caudalanteriorcingulate	63	0.5566088782388098	19809.990234375	20075.81640625	20339.57421875	20871.626953125	1.9356616443181818	0	1	-1.379052766079372
sub-01	1003	ctx-lh-caudalmiddlefrontal	159	2.7456722439125456	30774.51171875	31894.830078125	33040.66015625	35424.95703125	5.254387941168403	0	1	-2.5087156972558575
sub-01	1005	ctx-lh-cuneus	59	0.5297273946910652	28076.763671875	28599.865234375	29024.50390625	29718.685546875	2.083282253850992	0	1	-1.5535548591599266
sub-01	1006	ctx-lh-entorhinal	42	1.2431909581025016	13725.7412109375	13779.7294921875	13873.060546875	14178.6455078125	1.2612056955007702	0	1	-0.018014737398268643
sub-01	1007	ctx-lh-fusiform	301	0.372766371192869	20353.375	20631.6171875	20922.685546875	21543.494140625	2.116480462729842	0	1	-1.743714091536973
sub-01	1008	ctx-lh-inferiorparietal	301	2.8640262654725164	24690.068359375	25632.40234375	26584.24609375	28514.849609375	5.369841501221111	0	1	-2.5058152357485945
sub-01	1009	ctx-lh-inferiortemporal	417	2.8816283300167163	24013.51171875	24854.265625	25766.876953125	27729.83203125	5.399280354865372	0	1	-2.5176520248486556
sub-01	1010	ctx-lh-isthmuscingulate	78	0.2206268151450781	24539.505859375	24998.732421875	25437.828125	26256.365234375	2.5009606091082546	0	1	-2.2803337939631767
sub-01	1011	ctx-lh-lateraloccipital	284	3.926878478868568	25590.59765625	26856.787109375	28085.908203125	30424.416015625	6.430044355020119	0	1	-2.503165876151551
sub-01	1012	ctx-lh-lateralorbitofrontal	251	2.6317064588973604	25313.876953125	26213.48828125	27141.5546875	29048.732421875	5.138422686269442	0	1	-2.506716227372082
sub-01	1013	ctx-lh-lingual	127	1.0570707197539138	24689.078125	25024.642578125	25292.197265625	25697.533203125	1.4668417234186684	0	1	-0.4097710036647546
sub-01	1014	ctx-lh-medialorbitofrontal	132	0.9658282102600708	28772.029296875	29535.40234375	30238.666015625	31557.083984375	3.4137611991509527	0	1	-2.447932988890882
sub-01	1015	ctx-lh-middletemporal	308	2.931941185624917	23704.943359375	24590.138671875	25513.43359375	27420.6953125	5.443370066013376	0	1	-2.511428880388459
sub-01	1016	ctx-lh-parahippocampal	43	1.6132986879045783	16706.498046875	16788.853515625	16876.9453125	17092.748046875	0.8536861984593072	0	1	0.7596124894452712
sub-01	1017	ctx-lh-paracentral	94	0.3594073626206603	23150.1171875	23648.451171875	24095.615234375	24920.626953125	2.7167852836950255	0	1	-2.3573779210743653
sub-01	1018	ctx-lh-parsopercularis	153	1.882624443817884	27719.39453125	28558.1640625	29414.392578125	31175.107421875	4.379854664462767	0	1	-2.4972302206448833
sub-01	1019	ctx-lh-parsorbitalis	82	4.52192573344945	27599.0390625	28836.146484375	30210.662109375	33281.4921875	7.061663239729667	0	1	-2.5397375062802166
sub-01	1020	ctx-lh-parstriangularis	102	3.294681125846948	28550.453125	29713.2109375	30907.84375	33353.3046875	5.807627311560862	0	1	-2.5129461857139135
sub-01	1021	ctx-lh-pericalcarine	42	0.331949304768509	30560.990234375	31190.25390625	31774.0625	32907.40234375	2.7338270108973184	0	1	-2.4018777061288095
sub-01	1022	ctx-lh-postcentral	219	2.3331318830118253	24150.4453125	24976.744140625	25804.58984375	27496.279296875	4.833278267759772	0	1	-2.5001463847479464
sub-01	1023	ctx-lh-posteriorcingulate	85	0.781377119323722	21306.94921875	21575.546875	21825.455078125	22316.330078125	1.7090453091200564	0	1	-0.9276681897963344
sub-01	1024	ctx-lh-precentral	351	2.479331076123108	26434.8828125	27372.775390625	28317.62890625	30215.41796875	4.979411939764968	0	1	-2.50008086364186
sub-01	1025	ctx-lh-precuneus	262	0.4732929136436603	25645.123046875	26087.328125	26470.625	27147.3359375	2.093034036232025	0	1	-1.619741122588365
sub-01	1026	ctx-lh-rostralanteriorcingulate	72	1.0150684039586702	22056.33984375	22290.107421875	22513.4296875	22948.853515625	1.4660622538936736	0	1	-0.45099384993500347
sub-01	1027	ctx-lh-rostralmiddlefrontal	432	3.8757113139418458	32263.107421875	33708.26953125	35201.1015625	38280.76953125	6.395879079267386	0	1	-2.5201677653255405
sub-01	1028	ctx-lh-superiorfrontal	684	2.005852078357204	27670.435546875	28556.658203125	29444.462890625	31226.36328125	4.499674876603914	0	1	-2.49382279824671
sub-01	1029	ctx-lh-superiorparietal	256	2.523233965362574	25609.578125	26490.08203125	27403.318359375	29301.091796875	5.030449655637357	0	1	-2.5072156902747826
sub-01	1030	ctx-lh-superiortemporal	345	1.2663797213399026	21113.328125	21678.861328125	22241.314453125	23353.064453125	3.7462452911102297	0	1	-2.479865569770327
sub-01	1031	ctx-lh-supramarginal	284	2.549587367496475	25731.451171875	26626.451171875	27546.669921875	29462.939453125	5.056652562293855	0	1	-2.50706519479738
sub-01	1032	ctx-lh-frontalpole	17	7.115920899009851	30370.203125	32373.63671875	34548.19921875	39252.55859375	9.675626305923451	1	0	-2.5597054069136007
sub-01	1033	ctx-lh-temporalpole	51	1.7238177485556838	11531.29296875	11665.494140625	11925.7607421875	12815.5576171875	4.174691491604594	0	1	-2.45087374304891
sub-01	1034	ctx-lh-transversetemporal	36	0.5021652762932668	23109.2265625	23475.880859375	23805.4765625	24416.765625	2.027912514077959	0	1	-1.5257472377846923
sub-01	1035	ctx-lh-insula	227	0.8303108487019425	19929.55078125	20142.966796875	20365.96484375	20832.697265625	1.6485128943663576	0	1	-0.8182020456644151
sub-01	2001	ctx-rh-bankssts	67	0.3776268123366459	22689.744140625	23023.99609375	23353.13671875	24027.62109375	2.124660505840209	0	1	-1.7470336935035629
sub-01	2002	ctx-rh-caudalanteriorcingulate	93	1.315938856931655	19177.576171875	19307.42578125	19449.609375	19779.58984375	1.154743094397564	0	1	0.16119576253409096
sub-01	2003	ctx-rh-caudalmiddlefrontal	126	2.7775796639617147	28820.4609375	29892.44921875	30978.82421875	33206.6484375	5.284141951472751	0	1	-2.5065622875110365
sub-01	2005	ctx-rh-cuneus	65	1.0627762829884424	26828.728515625	27124.7109375	27380.185546875	27885.8671875	1.4212538776976618	0	1	-0.35847759470921936
sub-01	2006	ctx-rh-entorhinal	49	0.4846997975252126	15136.484375	15270.3447265625	15455.345703125	15965.1884765625	2.0351801870545754	0	1	-1.5504803895293628
sub-01	2007	ctx-rh-fusiform	326	0.2215330910724697	20639.41015625	20986.087890625	21363.05859375	22187.5859375	2.7044310226637327	0	1	-2.482897931591263
sub-01	2008	ctx-rh-inferiorparietal	378	2.784920707434555	26958.3671875	27998.595703125	29023.751953125	31073.095703125	5.2856120126110495	0	1	-2.5006913051764945
sub-01	2009	ctx-rh-inferiortemporal	341	2.905309941253649	24825.439453125	25690.767578125	26632.314453125	28684.0	5.424473822306317	0	1	-2.519163881052668
sub-01	2010	ctx-rh-isthmuscingulate	79	0.4355574920518832	25316.97265625	25871.109375	26388.1796875	27333.26171875	2.83061042421935	0	1	-2.3950529321674665
sub-01	2011	ctx-rh-lateraloccipital	321	3.768845806283769	28057.265625	29411.04296875	30714.685546875	33216.69921875	6.270975101333043	0	1	-2.5021292950492744
sub-01	2012	ctx-rh-lateralorbitofrontal	235	2.843380421748047	27147.037109375	28128.650390625	29159.990234375	31325.306640625	5.3561662251869935	0	1	-2.5127858034389465
sub-01	2013	ctx-rh-lingual	160	0.9690763610267344	23653.89453125	23986.16015625	24260.42578125	24680.126953125	1.558066842046104	0	1	-0.5889904810193695
sub-01	2014	ctx-rh-medialorbitofrontal	151	0.5997709095734448	25699.099609375	26298.95703125	26850.470703125	27895.357421875	3.0289178454729178	0	1	-2.429146935899473
sub-01	2015	ctx-rh-middletemporal	350	3.0599163745058697	25610.328125	26578.40234375	27597.462890625	29724.189453125	5.574524358602374	0	1	-2.514607984096504
sub-01	2016	ctx-rh-parahippocampal	50	1.5389148585907613	16361.583984375	16440.09375	16535.8359375	16771.13671875	0.9304815570620004	0	1	0.6084333015287609
sub-01	2017	ctx-rh-paracentral	82	0.3358578921590743	22675.412109375	23085.333984375	23446.783203125	24111.572265625	2.2608712303240597	0	1	-1.9250133381649854
sub-01	2018	ctx-rh-parsopercularis	140	1.4366986814905816	28269.4609375	29057.46875	29855.55078125	31411.193359375	3.919282320807312	0	1	-2.4825836393167307
sub-01	2019	ctx-rh-parsorbitalis	91	4.969708214234304	28591.724609375	30025.642578125	31573.349609375	34909.50390625	7.508785053916532	0	1	-2.5390768396822283
sub-01	2020	ctx-rh-parstriangularis	124	2.962815984257625	28702.251953125	29765.216796875	30879.671875	33226.5	5.477047778417417	0	1	-2.5142317941597923
sub-01	2021	ctx-rh-pericalcarine	37	0.7413300969869916	28492.97265625	29127.986328125	29774.90625	31065.05078125	3.2141760405863544	0	1	-2.4728459435993626
sub-01	2022	ctx-rh-postcentral	179	2.528995126644995	23373.955078125	24223.642578125	25064.140625	26755.310546875	5.02812096958327	0	1	-2.499125842938275
sub-01	2023	ctx-rh-posteriorcingulate	96	0.1999683188352882	22312.349609375	22718.078125	23126.962890625	23936.234375	2.608581401179665	0	1	-2.408613082344377
sub-01	2024	ctx-rh-precentral	305	2.3466892111435085	24312.591796875	25117.7578125	25950.376953125	27685.744140625	4.852023743363045	0	1	-2.5053345322195364
sub-01	2025	ctx-rh-precuneus	313	0.3233475883476139	26305.041015625	26790.638671875	27225.36328125	28000.85546875	2.301202269758966	0	1	-1.977854681411352
sub-01	2026	ctx-rh-rostralanteriorcingulate	71	1.102878025356771	21103.892578125	21287.193359375	21475.046875	21895.921875	1.3705734188362124	0	1	-0.2676953934794415
sub-01	2027	ctx-rh-rostralmiddlefrontal	473	3.4184243363416127	32364.9375	33664.47265625	35033.17578125	37925.25	5.938148450601586	0	1	-2.5197241142599736
sub-01	2028	ctx-rh-superiorfrontal	601	2.010283231775116	27389.07421875	28259.857421875	29131.873046875	30912.822265625	4.50648428059893	0	1	-2.4962010488238144
sub-01	2029	ctx-rh-superiorparietal	310	2.69394077582559	23801.533203125	24647.92578125	25523.9453125	27357.810546875	5.203690788450764	0	1	-2.509750012625174
sub-01	2030	ctx-rh-superiortemporal	319	1.3615858033427697	22596.47265625	23243.7734375	23866.57421875	25058.2421875	3.8328237469438156	0	1	-2.4712379436010457
sub-01	2031	ctx-rh-supramarginal	236	2.702312610312615	25115.08984375	26022.216796875	26953.08984375	28876.234375	5.209988075096172	0	1	-2.507675464783557
sub-01	2032	ctx-rh-frontalpole	24	6.037496750311221	34027.83984375	35995.05078125	38133.16796875	42739.6640625	8.58715489301545	0	1	-2.549658142704229
sub-01	2033	ctx-rh-temporalpole	42	2.45366128517322	14893.78125	15268.6337890625	15746.1787109375	16969.12109375	4.976017003574203	0	1	-2.522355718400983
sub-01	2034	ctx-rh-transversetemporal	25	0.747127451839049	26342.953125	26758.744140625	27093.341796875	27663.51171875	1.7919234074406467	0	1	-1.0447959556015975
sub-01	2035	ctx-rh-insula	227	0.468383362778715	21958.669921875	22250.81640625	22555.9609375	23184.5234375	2.0210353801268104	0	1	-1.5526520173480953
